Model,Number
Toyota,TB1
Toyota,TB2
Toyota,TB3
Toyota,TB4
Toyota,TB5
Toyota,TB6
Toyota,TB7
Toyota,TB8
Toyota,TB9
Toyota,TB10
Toyota,TB11
Toyota,TB12
Toyota,TB13
Toyota,TB14
Toyota,TB15
Toyota,TB16
Toyota,TB17
Toyota,TB18
Toyota,TB19
Toyota,TB20
Toyota,TB21
Toyota,TB22
Toyota,TB23
Toyota,TB24
Toyota,TB25
Toyota,TB26
Toyota,TB27
Toyota,TB28
Toyota,TB29
Toyota,TB30
Toyota,TB31
Toyota,TB32
Toyota,TB33
Toyota,TB34
Toyota,TB35
Toyota,TB36
Toyota,TB37
Toyota,TB38
Toyota,TB39
Toyota,TB40
Toyota,TB41
Toyota,TB42
Toyota,TB43
Toyota,TB44
Toyota,TB45
Toyota,TB46
Toyota,TB47
Toyota,TB48
Toyota,TB49
Toyota,TB50
Toyota,TB51
Toyota,TB52
Toyota,TB53
Toyota,TB54
Toyota,TB55
Toyota,TB56
Toyota,TB57
Toyota,TB58
Toyota,TB59
Toyota,TB60
Toyota,TB61
Toyota,TB62
Toyota,TB63
Toyota,TB64
Toyota,TB65
Toyota,TB66
Toyota,TB67
Toyota,TB68
Toyota,TB69
Toyota,TB70
Toyota,TB71
Toyota,TB72
Toyota,TB73
Toyota,TB74
Toyota,TB75
Toyota,TB76
Toyota,TB77
Toyota,TB78
Toyota,TB79
Toyota,TB80
Toyota,TB81
Toyota,TB82
Toyota,TB83
Toyota,TB84
Toyota,TB85
Toyota,TB86
Toyota,TB87
Toyota,TB88
Toyota,TB89
Toyota,TB90
Toyota,TB91
Toyota,TB92
Toyota,TB93
Toyota,TB94
Toyota,TB95
Toyota,TB96
Toyota,TB97
Toyota,TB98
Toyota,TB99
Toyota,TB100
Toyota,TB101
Toyota,TB102
Toyota,TB103
Toyota,TB104
Toyota,TB105
Toyota,TB106
Toyota,TB107
Toyota,TB108
Toyota,TB109
Toyota,TB110
Toyota,TB111
Toyota,TB112
Toyota,TB113
Toyota,TB114
Toyota,TB115
Toyota,TB116
Toyota,TB117
Toyota,TB118
Toyota,TB119
Toyota,TB120
Toyota,TB121
Toyota,TB122
Toyota,TB123
Toyota,TB124
Toyota,TB125
Toyota,TB126
Toyota,TB127
Toyota,TB128
Toyota,TB129
Toyota,TB130
Toyota,TB131
Toyota,TB132
Toyota,TB133
Toyota,TB134
Toyota,TB135
Toyota,TB136
Toyota,TB137
Toyota,TB138
Toyota,TB139
Toyota,TB140
Toyota,TB141
Toyota,TB142
Toyota,TB143
Toyota,TB144
Toyota,TB145
Toyota,TB146
Toyota,TB147
Toyota,TB148
Toyota,TB149
Toyota,TB150
Toyota,TB151
Toyota,TB152
Toyota,TB153
Toyota,TB154
Toyota,TB155
Toyota,TB156
Toyota,TB157
Toyota,TB158
Toyota,TB159
Toyota,TB160
Toyota,TB161
Toyota,TB162
Toyota,TB163
Toyota,TB164
Toyota,TB165
Toyota,TB166
Toyota,TB167
Toyota,TB168
Toyota,TB169
Toyota,TB170
Toyota,TB171
Toyota,TB172
Toyota,TB173
Toyota,TB174
Still,SB1
Still,SB2
Still,SB3
Still,SB4
Still,SB5
Still,SB6
Still,SB7
Still,SB8
Still,SB9
Still,SB10
Still,SB11
Still,SB12
Still,SB13
Still,SB14
Still,SB15
Still,SB16
Still,SB17
Still,SB18
Still,SB19
Still,SB20
Still,SB21
Still,SB22
Still,SB23
Still,SB24
Still,SB25
Still,SB26
Still,SB27
Still,SB28
Still,SB29
Still,SB30
Still,SB31
Still,SB32
Still,SB33
Still,SB34
Still,SB35
Still,SB36
Still,SB37
Still,SB38
Still,SB39
Still,SB40
Still,SB41
Still,SB42
Still,SB43
Still,SB44
Still,SB45
Still,SB46
Still,SB47
Still,SB48
Still,SB49
Still,SB50
Still,SB51
Still,SB52
Still,SB53
Still,SB54
Still,SB55
Still,SB56
Still,SB57
Still,SB58
Still,SB59
Still,SB60
Still,SB61
Still,SB62
Still,SB63
Still,SB64
Still,SB65
Still,SB66
Still,SB67
Still,SB68
Still,SB69
Still,SB70
Still,SB71
Still,SB72
Still,SB73
Still,SB74
Still,SB75
Still,SB76
Still,SB77
Still,SB78
Still,SB79
Still,SB80
Still,SB81
Still,SB82
Still,SB83
Still,SB84
Still,SB85
Still,SB86
Still,SB87
Still,SB88
Still,SB89
Still,SB90
Still,SB91
Still,SB92
Still,SB93
Still,SB94
Still,SB95
Still,SB96
Still,SB97
Still,SB98
Still,SB99
Still,SB100
Still,SB101
Still,SB102
Still,SB103
Still,SB104
Still,SB105
Still,SB106
Still,SB107
Still,SB108
Still,SB109
Still,SB110
Still,SB111
Still,SB112
Still,SB113
Still,SB114
Still,SB115
Still,SB116
Still,SB117
Still,SB118
Still,SB119
Still,SB120
Still,SB121
Still,SB122
Still,SB123
Still,SB124
Still,SB125
Still,SB126
Still,SB127
Still,SB128
Still,SB129
Still,SB130
Still,SB131
Still,SB132
Still,SB133
Still,SB134
Still,SB135
Still,SB136
Still,SB137
Still,SB138
Still,SB139
Still,SB140
Still,SB141
Still,SB142
Still,SB143
Still,SB144
Still,SB145
Still,SB146
Still,SB147
Still,SB148
Still,SB149
Still,SB150
Still,SB151
Still,SB152
Still,SB153
Still,SB154
Still,SB155
Still,SB156
Still,SB157
Still,SB158
Still,SB159
Still,SB160
Still,SB161
Still,SB162
Still,SB163
Still,SB164
Still,SB165
Still,SB166
Still,SB167
Still,SB168
Still,SB169
Still,SB170
Still,SB171
Still,SB172
Still,SB173
Still,SB174
Still,SB175
Still,SB176
Still,SB177
Still,SB178
Still,SB179
Still,SB180
Still,SB181
Still,SB182
Still,SB183
Still,SB184
Still,SB185
Still,SB186
Still,SB187
Still,SB188
Still,SB189
Still,SB190
Still,SB191
Still,SB192
Still,SB193
Still,SB194
Still,SB195
Still,SB196
Still,SB197
Still,SB198
Still,SB199
Still,SB200
Still,SB201
Still,SB202
Still,SB203
Still,SB204
Still,SB205
Still,SB206
Still,SB207
Still,SB208
Still,SB209
Still,SB210
Still,SB211
Still,SB212
Still,SB213
Still,SB214
Still,SB215
Still,SB216
Still,SB217
Still,SB218
Still,SB219
